agency_name,website,email,phone,street_address,postal_address,source_url,source
Listen,,,,,,https://app-oc.readspeaker.com/cgi-bin/rsent?customerid=13468&lang=en_au&readid=no-use&readclass=page-content%2Cpage-header%2Cpage-notices&url=https%3A//www.service.nsw.gov.au/nswgovdirectory/atoz,Service NSW Directory
Aboriginal Affairs,https://www.nsw.gov.au/departments-and-agencies/aboriginal-affairs-nsw,enquiries@aboriginalaffairs.nsw.gov.au,1800 019 998,Level 6 201 Coward Street Mascot NSW 2020,PO Box 207 Mascot NSW 1460,https://www.service.nsw.gov.au/nswgovdirectory/aboriginal-affairs,Service NSW Directory
Aboriginal and Torres Strait Islander Health Practice Council of NSW,https://www.atsihealthpracticecouncil.nsw.gov.au/,HPCA-ATSIHealthPracticeCouncil@health.nsw.gov.au,1300 197 177,,,https://www.service.nsw.gov.au/nswgovdirectory/aboriginal-and-torres-strait-islander-health-practice-council-of-nsw,Service NSW Directory
Aboriginal Education Consultative Group (AECG),,info@aecg.nsw.edu.au,(02) 9550 5666,37 Cavendish Street STANMORE NSW 2048,,https://www.service.nsw.gov.au/nswgovdirectory/aboriginal-education-consultative-group-aecg,Service NSW Directory
Aboriginal Housing Office (Parramatta Head Office),https://www.aho.nsw.gov.au/,AHOEnquiries@facs.nsw.gov.au,1800 727 555,"4 Parramatta Square, 12 Darcy St Parramatta NSW 2150",PO Box W5 WestfieldParramatta NSW 2150,https://www.service.nsw.gov.au/nswgovdirectory/aboriginal-housing-office-parramatta-head-office,Service NSW Directory
"Aboriginal Land Rights Act 1983 (NSW), Office of the Registrar",https://www.oralra.nsw.gov.au/,adminofficer@oralra.nsw.gov.au,(02) 8575 1160,"Level 3, 2-10 Wentworth Street PARRAMATTA NSW 2124","PO Box 787, Parramatta NSW 2124",https://www.service.nsw.gov.au/nswgovdirectory/aboriginal-land-rights-act-1983-nsw-office-of-the-registrar,Service NSW Directory
Acmena Youth Justice Centre,,,(02) 6643 0000,Lot 57 Swallow Road GRAFTON NSW 2460,"PO Box 542, GRAFTON NSW 2460",https://www.service.nsw.gov.au/nswgovdirectory/acmena-youth-justice-centre,Service NSW Directory
"Ageing and Disability Commission, NSW",https://www.ageingdisabilitycommission.nsw.gov.au,helpline@adc.nsw.gov.au,1800 628 221,"Level 6, 93 George St Parramatta NSW 2150",,https://www.service.nsw.gov.au/nswgovdirectory/nsw-ageing-and-disability-commission,Service NSW Directory
"Agency for Clinical Innovation, NSW",https://www.aci.health.nsw.gov.au/,aci-info@health.nsw.gov.au,(02) 9464 4666,1 Reserve Road St Leonards NSW 2065,Locked Bag 2030St Leonards NSW 1590,https://www.service.nsw.gov.au/nswgovdirectory/nsw-agency-for-clinical-innovation,Service NSW Directory
"Agriculture Commissioner, NSW",,agcommissioner@dpird.nsw.gov.au,,,,https://www.service.nsw.gov.au/nswgovdirectory/agriculture-commissioner-nsw,Service NSW Directory
